entity,cidr
eu-west-3,35.180.0.0/16
us-west-2,52.94.76.0/22
ap-southeast-2,52.95.36.0/22
GLOBAL,120.52.22.96/27
eu-west-1,150.222.81.0/24
us-east-2,15.230.39.60/31
ap-southeast-1,150.222.78.0/24
us-east-2,15.230.39.208/31
eu-west-1,52.93.17.0/24
eu-west-2,52.95.150.0/24
ap-northeast-2,52.219.60.0/23
ap-east-1,13.248.56.0/22
ap-south-1,13.248.117.0/24
eu-central-1,52.93.126.135/32
eu-west-1,52.94.24.0/23
us-west-1,150.222.199.0/25
us-east-2,15.230.39.44/31
us-east-1,52.4.0.0/14
ap-northeast-2,52.144.227.192/26
ap-northeast-1,52.144.229.64/26
sa-east-1,64.252.81.0/24
us-east-1,50.16.0.0/15
us-east-1,52.95.208.0/22
eu-south-1,52.95.224.0/24
ap-south-1,150.222.84.0/24
af-south-1,150.222.208.82/31
GLOBAL,205.251.249.0/24
ap-southeast-2,15.193.3.0/24
us-east-1,52.94.244.0/22
us-gov-west-1,52.119.208.0/23
eu-south-1,54.240.236.26/32
sa-east-1,150.222.228.0/24
us-east-2,15.230.39.10/31
cn-northwest-1,52.82.169.16/28
us-west-1,52.93.34.56/32
sa-east-1,52.94.198.16/28
ap-northeast-1,52.144.225.128/26
us-east-1,64.252.69.0/24
ap-southeast-2,13.236.0.0/14
eu-north-1,52.46.220.0/22
us-west-2,52.92.32.0/22
eu-west-2,52.93.56.0/24
us-east-1,52.95.41.0/24
us-gov-west-1,52.95.100.0/22
ap-east-1,52.95.226.0/24
af-south-1,99.78.152.0/22
ap-east-1,150.222.135.0/24
eu-west-1,150.222.202.0/24
us-east-1,176.32.125.244/31
ap-southeast-2,15.177.83.0/24
me-south-1,15.185.0.0/16
us-east-2,15.230.39.28/31
ap-east-1,52.93.35.212/32
eu-west-1,52.94.26.0/23
eu-south-1,54.240.236.54/32
eu-west-1,54.247.0.0/16
ap-northeast-1,54.248.0.0/15
us-east-2,15.230.39.196/31
us-west-2,52.119.252.0/22
us-west-2,54.148.0.0/15
us-west-2,99.77.130.0/24
GLOBAL,180.163.57.128/26
eu-west-1,18.200.0.0/16
ap-southeast-2,54.206.0.0/16
eu-south-1,54.240.236.69/32
us-gov-west-1,108.175.56.0/22
eu-west-1,150.222.96.0/24
eu-south-1,150.222.243.19/32
us-east-1,13.248.124.0/24
ap-southeast-1,15.193.2.0/24
us-west-1,99.77.132.0/24
us-east-1,18.232.0.0/14
cn-northwest-1,52.82.169.0/28
eu-west-1,52.93.112.0/24
us-east-2,54.239.0.224/28
us-west-2,54.239.48.0/22
eu-west-1,13.248.119.0/24
us-east-2,15.230.39.254/31
eu-west-1,52.93.81.0/24
eu-west-1,54.74.0.0/15
ap-east-1,150.222.114.0/24
eu-west-3,150.222.242.214/31
us-east-2,15.230.39.206/31
us-east-2,15.230.39.244/31
cn-northwest-1,52.83.0.0/16
us-west-2,52.93.14.18/32
ap-northeast-2,52.94.6.0/24
us-west-2,52.144.197.192/26
us-east-1,150.222.2.0/24
eu-south-1,150.222.240.245/32
eu-west-3,52.47.0.0/16
eu-west-1,52.93.16.0/24
ap-east-1,52.94.249.144/28
sa-east-1,52.95.136.0/23
eu-west-1,52.95.255.64/28
ca-central-1,52.144.199.128/26
ap-northeast-1,52.144.225.64/26
ap-southeast-1,52.219.48.0/22
eu-south-1,54.240.236.22/32
GLOBAL,204.246.168.0/22
ap-northeast-3,13.208.0.0/16
us-west-2,15.193.7.0/24
us-east-2,15.230.39.108/31
eu-west-1,52.93.96.0/24
us-east-1,54.156.0.0/14
us-east-1,54.236.0.0/15
ap-southeast-1,15.230.29.0/24
us-east-2,15.230.39.14/31
us-east-2,18.191.0.0/16
eu-west-1,52.144.210.0/26
eu-south-1,99.77.159.0/24
ap-southeast-1,15.177.82.0/24
eu-west-2,52.144.211.196/31
eu-central-1,52.219.72.0/22
ap-southeast-2,54.153.128.0/17
cn-north-1,54.222.58.0/28
ap-southeast-1,122.248.192.0/18
ap-southeast-2,150.222.119.0/24
us-east-2,15.230.39.34/31
eu-central-1,18.192.0.0/15
ap-northeast-1,52.92.60.0/22
eu-central-1,52.93.126.132/32
eu-south-1,52.93.133.177/32
eu-north-1,52.144.215.192/31
ap-northeast-1,52.219.68.0/22
eu-west-1,54.229.0.0/16
eu-north-1,54.239.1.96/28
eu-north-1,13.248.100.0/24
ca-central-1,52.93.5.0/24
us-west-1,52.93.120.178/32
us-east-1,52.144.193.128/26
ap-northeast-1,54.250.0.0/16
eu-central-1,64.252.89.0/24
us-east-1,107.20.0.0/14
eu-west-1,46.51.192.0/20
me-south-1,52.95.174.0/24
sa-east-1,99.77.149.0/24
eu-central-1,99.78.156.0/22
ap-south-1,150.222.220.0/24
us-east-2,3.132.0.0/14
eu-north-1,52.46.208.0/21
us-east-1,52.93.51.28/32
us-west-1,52.94.12.0/24
eu-west-1,63.32.0.0/14
eu-west-2,64.252.85.0/24
eu-central-1,150.222.129.134/31
us-east-2,15.230.39.54/31
sa-east-1,52.92.72.0/22
ap-southeast-2,99.82.184.0/22
eu-west-1,150.222.121.0/24
eu-west-1,172.96.98.0/24
us-east-1,52.46.252.0/22
ap-southeast-2,52.95.255.16/28
eu-south-1,54.240.236.38/32
us-west-2,18.236.0.0/15
us-west-1,52.94.249.80/28
us-west-1,54.240.198.0/24
us-east-2,64.252.74.0/24
us-east-1,150.222.227.0/24
ap-east-1,13.248.32.0/20
us-east-2,52.94.199.0/24
ap-southeast-2,52.95.128.0/21
us-east-1,52.119.206.0/23
sa-east-1,64.252.79.0/24
eu-south-1,150.222.243.9/32
us-east-1,176.32.125.230/31
GLOBAL,205.251.252.0/23
eu-west-1,13.248.113.0/24
eu-west-3,15.188.0.0/16
us-east-2,15.230.39.220/31
eu-south-1,52.93.133.153/32
us-west-2,54.200.0.0/15
eu-west-3,54.239.1.16/28
eu-west-1,185.143.16.0/24
us-east-1,205.251.244.0/23
eu-west-3,52.46.92.0/22
us-east-1,52.93.236.0/24
us-east-1,54.239.98.0/24
us-east-1,176.32.125.228/31
us-west-1,52.119.176.0/21
us-east-1,54.144.0.0/14
ap-southeast-1,54.169.0.0/16
eu-south-1,54.240.236.74/32
eu-central-1,99.77.136.0/24
eu-west-1,52.95.104.0/22
me-south-1,52.119.249.0/24
us-west-2,64.252.72.0/24
eu-west-1,150.222.85.0/24
eu-central-1,150.222.245.122/31
us-gov-east-1,52.95.168.0/24
ap-southeast-1,52.144.224.128/26
GLOBAL,54.192.0.0/16
us-west-1,54.239.0.16/28
ap-southeast-1,54.239.0.96/28
af-south-1,99.77.148.0/24
us-east-2,15.230.39.40/31
sa-east-1,52.95.240.0/24
ap-northeast-1,52.219.16.0/22
us-east-1,75.101.128.0/17
eu-central-1,150.222.129.122/31
eu-south-1,150.222.243.177/32
eu-south-1,150.222.244.37/32
us-east-1,176.32.125.234/31
GLOBAL,204.246.173.0/24
ca-central-1,15.222.0.0/15
us-east-2,52.93.62.0/24
us-west-2,52.93.20.0/24
us-east-1,52.144.192.0/26
ap-southeast-2,150.222.112.0/24
us-west-1,204.236.128.0/18
ap-south-1,3.5.208.0/22
ap-northeast-2,15.177.76.0/24
eu-west-1,52.30.0.0/15
ap-northeast-1,52.94.8.0/24
us-west-2,52.94.249.64/28
ap-northeast-1,54.92.0.0/17
eu-west-1,54.154.0.0/16
us-east-2,64.252.76.0/24
us-east-1,67.202.0.0/18
ap-southeast-1,103.246.148.0/23
GLOBAL,15.197.0.0/23
us-east-1,54.226.0.0/15
us-east-1,162.250.237.0/24
ap-northeast-1,3.112.0.0/14
eu-west-1,52.95.244.0/24
ap-northeast-1,64.252.111.0/24
us-east-1,99.82.188.0/22
us-east-1,15.230.18.0/24
sa-east-1,18.231.0.0/16
ap-southeast-2,54.252.0.0/16
GLOBAL,120.253.240.192/26
us-east-1,150.222.79.0/24
us-east-1,3.224.0.0/12
us-east-2,15.230.39.2/31
eu-west-1,52.94.216.0/21
us-east-1,52.144.192.192/26
us-east-2,52.144.196.192/26
us-east-1,54.221.0.0/16
us-east-1,54.240.202.0/24
ap-southeast-1,54.255.0.0/16
cn-northwest-1,3.5.216.0/24
ap-east-1,52.119.248.0/24
cn-north-1,54.239.0.144/28
eu-central-1,150.222.129.132/31
sa-east-1,15.228.0.0/15
af-south-1,52.93.57.0/24
us-east-1,52.95.63.0/24
sa-east-1,54.233.0.0/18
us-west-1,99.82.172.0/24
GLOBAL,116.129.226.128/26
ap-southeast-2,150.222.82.0/24
eu-south-1,150.222.243.43/32
eu-south-1,150.222.244.35/32
eu-west-2,35.176.0.0/15
us-east-1,54.239.112.0/24
us-west-2,70.224.192.0/18
us-east-2,99.77.153.0/24
ap-northeast-1,150.222.105.0/24
eu-west-1,99.77.155.0/24
ap-southeast-1,52.95.255.32/28
ap-southeast-2,52.144.229.0/26
us-gov-west-1,160.1.0.0/16
us-east-2,3.5.128.0/22
ca-central-1,15.230.21.0/24
us-east-2,18.216.0.0/14
us-east-1,34.192.0.0/12
us-west-1,52.93.37.222/32
ca-central-1,52.94.64.0/22
us-west-2,54.231.160.0/19
ap-southeast-2,3.104.0.0/14
eu-west-2,15.193.5.0/24
us-east-2,15.230.39.24/31
us-east-2,15.230.39.162/31
cn-north-1,52.80.0.0/16
us-east-1,52.95.216.0/22
us-east-1,52.119.232.0/21
ca-central-1,52.144.201.128/26
us-east-1,54.231.244.0/22
us-east-1,150.222.99.0/24
us-west-2,150.222.218.0/24
ap-southeast-1,175.41.128.0/18
us-east-1,176.32.125.250/31
us-east-2,15.230.39.194/31
us-east-1,54.239.108.0/22
us-east-1,64.252.68.0/24
ap-northeast-1,150.222.133.0/24
sa-east-1,18.229.0.0/16
us-east-1,52.94.68.0/24
ap-northeast-2,52.95.192.0/20
us-west-1,54.219.0.0/16
us-gov-west-1,3.32.0.0/16
ca-central-1,35.182.0.0/15
us-east-1,99.77.191.0/24
ap-southeast-1,13.250.0.0/15
us-east-2,15.230.39.104/31
us-east-1,44.192.0.0/11
us-gov-east-1,52.95.166.0/23
eu-north-1,52.144.216.2/31
af-south-1,150.222.208.66/31
us-east-2,15.230.39.136/31
us-east-2,15.230.39.226/31
eu-west-1,52.144.215.0/31
eu-north-1,52.144.215.196/31
eu-south-1,54.240.236.78/32
ap-southeast-1,64.252.102.0/24
ap-southeast-2,64.252.108.0/24
eu-west-1,87.238.80.0/21
eu-west-2,99.77.156.0/24
eu-north-1,52.95.169.0/24
cn-north-1,54.222.0.0/19
ap-southeast-2,54.239.0.112/28
us-east-1,54.239.8.0/21
ap-southeast-2,54.240.204.0/22
GLOBAL,99.86.0.0/16
us-east-1,207.171.176.0/20
eu-west-1,15.230.32.0/24
us-east-2,15.230.39.192/31
ap-southeast-2,54.231.248.0/22
eu-south-1,54.240.236.18/32
eu-south-1,99.77.138.0/24
eu-central-1,150.222.5.0/24
us-east-1,162.250.238.0/23
eu-west-1,178.236.0.0/20
us-east-2,15.230.39.72/31
us-east-2,18.224.0.0/14
eu-west-2,52.56.0.0/16
us-west-1,54.240.212.0/22
us-west-2,54.245.0.0/16
us-east-1,150.222.100.0/24
ap-south-1,13.248.105.0/24
sa-east-1,18.230.0.0/16
eu-central-1,52.58.0.0/15
eu-west-1,52.218.0.0/17
us-west-2,150.222.176.0/22
ap-northeast-3,13.248.0.0/20
us-east-2,15.230.39.174/31
us-east-2,15.230.39.240/31
us-east-2,52.95.29.0/26
us-west-2,99.77.152.0/24
us-east-2,3.131.0.0/16
us-east-2,15.230.39.158/31
ap-northeast-1,52.219.0.0/20
us-west-2,54.240.248.0/21
af-south-1,150.222.208.74/31
eu-south-1,150.222.240.239/32
us-east-1,176.32.125.252/31
us-east-2,52.95.0.0/20
us-east-1,205.251.246.0/24
ca-central-1,3.96.0.0/15
eu-west-2,52.94.32.0/20
eu-west-1,54.216.0.0/15
us-east-1,23.20.0.0/14
us-east-1,52.46.168.0/23
sa-east-1,52.93.151.0/24
ap-northeast-1,52.94.248.80/28
us-east-1,64.252.64.0/24
ap-southeast-1,99.77.143.0/24
us-west-1,13.56.0.0/16
us-east-2,15.230.39.4/31
us-east-2,15.230.39.30/31
eu-central-1,18.184.0.0/15
eu-south-1,54.240.236.45/32
us-east-1,72.21.192.0/19
GLOBAL,205.251.200.0/21
us-east-2,15.230.39.12/31
us-east-2,15.230.39.242/31
us-west-2,35.160.0.0/13
eu-west-1,52.48.0.0/14
ap-south-1,52.94.198.80/28
us-east-1,54.231.0.0/17
eu-north-1,99.77.137.0/24
eu-south-1,150.222.243.53/32
GLOBAL,223.71.71.128/25
GLOBAL,13.32.0.0/15
ap-northeast-1,13.112.0.0/14
us-east-2,15.230.39.66/31
ap-northeast-1,52.68.0.0/15
ap-southeast-1,52.144.231.64/26
us-west-1,54.67.0.0/16
ap-southeast-1,99.82.173.0/24
eu-central-1,52.57.0.0/16
us-east-1,52.94.124.0/22
eu-west-2,52.144.211.192/31
GLOBAL,120.253.245.128/26
eu-west-1,150.222.98.0/24
us-west-1,150.222.101.0/24
GLOBAL,13.224.0.0/14
eu-west-1,52.119.240.0/21
ap-northeast-1,54.239.0.80/28
us-east-1,54.240.216.0/22
me-south-1,99.82.128.0/20
us-east-1,99.82.166.0/24
eu-central-1,13.248.97.0/24
us-east-2,18.190.0.0/16
cn-northwest-1,52.82.168.0/24
cn-north-1,54.222.58.48/28
us-west-1,150.222.213.40/32
eu-west-3,150.222.242.84/31
eu-west-1,162.213.232.0/24
us-east-2,15.230.39.18/31
us-east-2,15.230.39.154/31
ap-northeast-1,52.93.73.0/26
eu-west-2,52.94.198.144/28
us-west-2,52.94.208.0/21
eu-north-1,52.95.227.0/24
us-west-2,54.68.0.0/14
eu-central-1,54.93.0.0/16
GLOBAL,70.132.0.0/18
us-east-1,52.44.0.0/15
ap-southeast-1,52.76.128.0/17
eu-west-1,52.92.40.0/21
ap-southeast-1,52.219.32.0/21
ap-northeast-1,54.95.0.0/16
us-west-2,54.212.0.0/15
sa-east-1,150.222.69.0/24
ap-southeast-1,52.93.8.0/22
eu-central-1,3.124.0.0/14
cn-northwest-1,52.82.176.0/22
us-west-1,52.144.194.192/26
us-west-1,54.183.0.0/16
eu-south-1,54.240.236.33/32
eu-south-1,54.240.236.49/32
GLOBAL,210.51.40.0/24
ap-southeast-2,3.24.0.0/14
eu-south-1,52.93.133.133/32
ap-northeast-1,52.95.34.0/24
ap-east-1,52.144.225.0/26
eu-south-1,54.240.236.10/32
eu-west-1,150.222.13.0/24
us-east-1,205.251.247.0/24
GLOBAL,13.249.0.0/16
us-east-1,15.193.6.0/24
us-east-2,15.230.39.212/31
ap-southeast-1,64.252.103.0/24
eu-south-1,150.222.240.135/32
ap-east-1,15.177.86.0/24
ap-southeast-1,15.221.8.0/21
us-west-1,18.144.0.0/15
us-east-1,52.90.0.0/15
eu-west-2,52.93.138.253/32
ap-northeast-3,52.95.157.0/24
eu-west-1,52.144.208.192/26
us-gov-east-1,108.175.52.0/22
af-south-1,150.222.208.88/31
us-east-1,52.0.0.0/15
cn-northwest-1,52.82.184.0/23
ap-northeast-1,52.93.250.0/23
af-south-1,52.95.176.0/24
eu-west-2,52.95.253.0/24
ap-northeast-2,54.239.120.0/21
cn-north-1,140.179.0.0/16
us-west-1,150.222.234.0/24
GLOBAL,205.251.208.0/20
us-west-2,52.93.12.12/32
eu-central-1,52.95.255.128/28
eu-west-1,52.208.0.0/13
ap-south-1,54.239.0.208/28
ap-northeast-1,103.246.150.0/23
eu-central-1,150.222.10.0/24
eu-west-2,13.248.120.0/24
us-east-2,15.230.39.170/31
us-east-1,52.54.0.0/15
us-east-1,52.93.3.0/24
us-west-2,52.95.230.0/24
ap-northeast-1,54.240.225.0/24
eu-south-1,54.240.236.85/32
ap-southeast-2,99.78.212.0/22
us-west-1,150.222.106.0/24
eu-central-1,150.222.129.118/31
ap-southeast-1,52.74.0.0/16
ap-northeast-1,54.168.0.0/16
eu-central-1,54.239.54.0/23
eu-west-1,15.177.89.0/24
eu-central-1,18.156.0.0/14
eu-south-1,52.93.133.129/32
us-east-2,52.95.24.0/22
us-east-1,52.119.196.0/22
eu-west-1,52.144.218.64/26
ap-northeast-1,64.252.113.0/24
eu-west-1,79.125.0.0/17
eu-west-2,99.77.134.0/24
af-south-1,99.78.144.0/21
ap-northeast-3,15.177.77.0/24
eu-south-1,15.177.90.0/24
us-gov-west-1,52.46.224.0/20
af-south-1,52.93.126.146/32
eu-west-3,52.95.156.0/24
ap-northeast-2,54.180.0.0/15
us-west-2,99.77.253.0/24
us-east-1,150.222.71.0/24
ap-northeast-1,15.177.79.0/24
us-east-2,15.230.39.122/31
ap-east-1,52.95.160.0/23
ap-northeast-1,54.64.0.0/15
ap-southeast-2,103.8.172.0/22
ap-northeast-1,176.34.0.0/19
us-east-2,15.230.39.152/31
us-east-2,15.230.39.184/31
ap-south-1,52.219.62.0/23
me-south-1,99.77.147.0/24
af-south-1,150.222.208.76/31
cn-northwest-1,3.5.214.0/23
us-east-2,15.230.39.118/31
cn-north-1,54.223.0.0/16
eu-west-1,54.239.0.48/28
eu-central-1,54.239.64.0/21
us-east-1,99.77.129.0/24
us-east-2,15.230.39.46/31
us-east-2,15.230.39.68/31
ap-northeast-1,46.51.224.0/19
ap-northeast-2,52.95.111.0/24
ap-southeast-1,54.179.0.0/16
ap-southeast-2,54.240.203.0/24
eu-west-2,150.222.134.0/24
ap-southeast-1,13.248.127.0/24
ap-southeast-2,52.144.224.64/26
eu-west-1,54.170.0.0/15
us-east-1,99.82.171.0/24
us-east-2,15.230.39.92/31
eu-south-1,52.95.151.0/24
us-east-1,52.144.200.64/26
eu-west-2,52.144.211.128/26
us-east-2,99.77.131.0/24
eu-central-1,150.222.129.112/31
us-east-2,15.230.39.134/31
us-east-1,35.153.0.0/16
us-gov-west-1,52.61.0.0/16
ap-northeast-2,52.79.0.0/16
ap-northeast-2,52.93.137.0/24
cn-north-1,150.222.89.0/24
eu-west-1,13.248.96.0/24
us-east-2,15.230.39.126/31
ap-northeast-3,52.95.158.0/23
us-east-1,52.144.192.128/26
us-east-1,52.216.0.0/15
eu-south-1,54.240.236.34/32
me-south-1,99.82.144.0/21
eu-west-2,99.82.169.0/24
eu-west-1,150.222.80.0/24
us-west-2,52.12.0.0/15
eu-south-1,52.93.133.175/32
ap-southeast-1,52.220.0.0/15
ap-southeast-2,54.231.252.0/24
af-south-1,54.239.1.128/28
us-east-1,162.250.236.0/24
us-east-2,15.230.39.140/31
ap-east-1,18.163.0.0/16
us-east-1,52.46.250.0/23
eu-west-1,52.94.5.0/24
ap-south-1,52.144.228.128/26
ap-northeast-1,54.199.0.0/16
ap-northeast-1,150.222.141.0/24
us-east-1,150.222.205.0/24
us-east-2,15.230.39.50/31
us-east-2,15.230.39.146/31
ap-southeast-1,18.142.0.0/15
ap-southeast-1,46.137.192.0/19
us-east-1,52.200.0.0/13
us-east-2,52.219.96.0/20
cn-north-1,54.222.32.0/22
us-west-2,205.251.232.0/22
us-east-2,15.230.39.32/31
us-east-1,34.224.0.0/12
us-west-2,52.75.0.0/16
cn-northwest-1,52.82.160.0/22
eu-north-1,52.144.215.194/31
af-south-1,99.78.128.0/20
sa-east-1,99.82.164.0/24
ap-southeast-2,52.93.126.138/32
eu-west-2,52.93.153.80/32
eu-west-2,52.95.148.0/23
GLOBAL,58.254.138.0/25
us-east-2,15.177.66.0/23
us-gov-west-1,52.94.248.224/28
ap-east-1,52.95.162.0/24
ap-northeast-1,52.95.255.48/28
us-west-2,54.218.0.0/16
eu-west-2,150.222.215.0/24
GLOBAL,15.197.4.0/22
eu-south-1,52.93.133.155/32
eu-west-3,52.94.16.0/24
us-east-1,52.144.195.0/26
sa-east-1,64.252.78.0/24
ap-southeast-1,43.250.192.0/24
eu-central-1,52.93.126.133/32
eu-west-1,54.239.113.0/24
us-west-1,176.32.112.0/21
eu-west-2,52.144.209.192/26
eu-west-1,52.144.218.0/26
eu-south-1,54.240.236.5/32
eu-west-1,99.80.0.0/15
us-east-2,15.230.39.124/31
us-east-2,15.230.39.200/31
us-east-1,52.93.64.0/24
eu-west-2,52.93.80.0/24
eu-central-1,52.94.69.0/24
us-west-2,52.94.120.0/22
ap-northeast-2,54.239.40.152/29
eu-south-1,54.240.236.1/32
GLOBAL,99.77.188.0/24
eu-west-1,13.248.121.0/24
us-east-2,15.230.39.166/31
us-west-2,52.94.10.0/24
ap-northeast-1,99.82.170.0/24
eu-north-1,13.248.122.0/24
ap-south-1,52.95.249.0/24
ap-east-1,54.239.1.82/32
us-west-2,54.244.0.0/16
eu-central-1,64.252.87.0/24
ca-central-1,99.82.174.0/24
ap-southeast-1,46.137.224.0/19
us-west-1,52.95.42.0/24
ap-south-1,65.0.0.0/14
GLOBAL,99.82.156.0/22
us-east-1,50.19.0.0/16
ca-central-1,99.79.0.0/16
GLOBAL,116.129.226.0/25
us-east-1,150.222.73.0/24
us-west-2,44.224.0.0/11
cn-north-1,52.81.0.0/16
eu-south-1,52.93.135.195/32
GLOBAL,52.222.128.0/17
eu-central-1,150.222.104.0/24
eu-south-1,150.222.240.207/32
us-east-1,15.221.4.0/23
us-east-2,15.230.39.110/31
eu-west-2,52.144.211.64/26
ca-central-1,150.222.109.0/24
af-south-1,150.222.208.68/31
ap-southeast-2,52.93.126.137/32
eu-north-1,15.230.38.0/24
us-east-2,15.230.39.88/31
ap-southeast-2,52.93.126.139/32
me-south-1,52.95.172.0/23
us-west-2,64.252.73.0/24
us-east-1,174.129.0.0/16
eu-south-1,52.93.134.181/32
us-east-1,52.95.255.80/28
ap-south-1,64.252.101.0/24
us-east-1,150.222.87.0/24
eu-central-1,150.222.129.140/31
eu-west-1,15.230.31.0/24
us-gov-east-1,52.94.22.0/24
us-west-2,52.95.255.112/28
eu-south-1,54.240.236.2/32
eu-west-1,13.248.118.0/24
us-east-1,18.208.0.0/13
us-east-1,52.95.245.0/24
ap-east-1,54.240.17.0/24
ap-east-1,99.77.142.0/24
us-east-1,99.77.187.0/24
eu-south-1,150.222.243.47/32
ap-south-1,15.177.73.0/24
ap-southeast-1,46.51.216.0/21
eu-central-1,150.222.129.116/31
eu-south-1,150.222.242.99/32
us-east-1,176.32.125.254/31
us-east-2,15.230.39.0/31
ca-central-1,52.93.75.0/24
ap-southeast-1,52.94.248.32/28
ap-southeast-1,52.219.40.0/22
ap-northeast-1,52.219.136.0/22
eu-west-1,54.220.0.0/16
us-west-2,100.20.0.0/14
us-west-2,150.222.74.0/24
us-east-1,176.32.125.236/31
us-east-2,52.94.248.160/28
us-west-1,54.151.0.0/17
eu-south-1,15.161.0.0/16
eu-south-1,52.93.129.95/32
cn-north-1,54.222.52.0/22
ap-northeast-1,64.252.110.0/24
eu-central-1,99.77.158.0/24
us-east-2,18.188.0.0/16
us-gov-east-1,18.252.0.0/16
eu-west-1,46.51.128.0/18
ap-southeast-2,64.252.107.0/24
GLOBAL,64.252.128.0/18
me-south-1,99.82.152.0/22
us-east-1,99.82.167.0/24
ap-southeast-1,150.222.108.0/24
af-south-1,150.222.208.72/31
us-west-2,176.32.125.128/26
GLOBAL,205.251.254.0/24
ap-south-1,13.232.0.0/14
ap-northeast-1,52.95.243.0/24
af-south-1,150.222.208.84/31
us-east-2,3.5.132.0/23
eu-north-1,13.53.0.0/16
sa-east-1,13.248.114.0/24
sa-east-1,15.177.88.0/24
eu-west-2,52.94.48.0/20
eu-south-1,54.240.236.61/32
ap-northeast-2,99.78.188.0/22
us-east-1,184.72.128.0/17
us-east-1,205.251.248.0/24
us-east-2,15.230.39.38/31
us-east-2,15.230.39.168/31
us-east-2,15.230.39.204/31
ca-central-1,52.94.80.0/20
ap-southeast-2,52.94.198.112/28
eu-west-1,54.240.197.0/24
GLOBAL,71.152.0.0/17
us-east-2,108.166.232.0/21
GLOBAL,216.137.32.0/19
eu-west-3,35.181.0.0/16
eu-west-2,52.93.138.252/32
us-east-1,54.80.0.0/13
us-west-2,54.214.0.0/16
ap-southeast-1,54.254.0.0/16
us-east-2,99.78.176.0/21
ap-northeast-1,13.248.98.0/24
us-east-2,15.230.39.16/31
us-east-2,15.230.39.78/31
us-east-1,52.20.0.0/14
us-east-1,52.94.201.0/26
ca-central-1,52.94.248.208/28
us-west-1,52.219.20.0/22
us-west-1,52.219.24.0/21
eu-west-3,99.82.161.0/24
GLOBAL,204.246.172.0/24
af-south-1,13.244.0.0/15
sa-east-1,52.94.248.48/28
us-east-1,54.242.0.0/15
sa-east-1,177.72.240.0/21
us-east-1,216.182.238.0/23
us-west-2,34.208.0.0/12
us-east-2,52.15.0.0/16
eu-west-3,52.144.209.128/26
us-east-1,150.222.224.0/24
eu-south-1,150.222.243.15/32
us-west-1,15.221.16.0/22
us-east-2,15.230.39.94/31
ca-central-1,52.94.96.0/20
us-east-1,52.94.192.0/22
us-gov-west-1,108.175.48.0/22
us-east-2,15.230.39.36/31
us-east-2,18.189.0.0/16
us-east-1,52.95.52.0/22
af-south-1,150.222.208.94/31
us-east-1,52.93.254.0/24
af-south-1,52.95.175.0/24
us-east-1,99.82.175.0/24
GLOBAL,120.52.39.128/27
eu-west-1,162.213.234.0/23
eu-west-1,18.201.0.0/16
us-east-1,52.119.214.0/23
eu-north-1,52.144.215.202/31
ap-southeast-1,54.151.128.0/17
eu-south-1,54.240.236.73/32
GLOBAL,118.193.97.64/26
us-east-1,208.86.88.0/23
us-east-2,15.230.39.74/31
us-east-2,15.230.39.186/31
eu-west-2,18.175.0.0/16
us-west-2,52.46.216.0/22
us-east-2,52.92.76.0/22
us-east-1,54.208.0.0/15
eu-west-1,54.228.0.0/16
eu-south-1,54.240.236.13/32
af-south-1,150.222.208.90/31
us-west-1,150.222.213.41/32
eu-south-1,150.222.243.17/32
ap-south-1,52.93.126.205/32
eu-south-1,52.93.133.181/32
us-west-1,52.95.246.0/24
eu-west-1,52.144.215.2/31
us-east-1,99.83.64.0/21
eu-north-1,13.48.0.0/15
us-east-2,15.230.39.56/31
us-east-2,15.230.39.182/31
us-east-2,15.230.39.230/31
ap-southeast-2,52.64.0.0/17
eu-west-2,52.95.239.0/24
ap-southeast-2,52.119.210.0/23
us-east-1,15.221.24.0/21
us-east-2,15.230.39.188/31
us-east-2,15.230.39.236/31
us-east-2,18.220.0.0/14
us-west-2,52.36.0.0/14
eu-west-2,52.94.112.0/22
sa-east-1,54.94.0.0/16
ap-northeast-2,99.78.184.0/22
eu-west-2,150.222.207.0/24
us-east-1,150.222.237.0/24
ap-northeast-2,52.93.248.0/24
eu-central-1,52.94.198.48/28
me-south-1,52.95.228.0/24
cn-north-1,54.222.128.0/17
us-gov-west-1,96.127.0.0/17
us-east-1,52.94.224.0/20
cn-northwest-1,68.79.0.0/18
us-east-1,99.77.128.0/24
cn-north-1,150.222.88.0/24
GLOBAL,223.71.71.96/27
eu-west-1,52.93.18.179/32
af-south-1,52.93.126.147/32
eu-west-1,52.94.196.0/24
us-west-1,54.215.0.0/16
ap-northeast-1,18.182.0.0/16
us-east-1,54.152.0.0/16
us-east-1,176.32.125.240/31
ap-northeast-1,18.178.0.0/16
sa-east-1,52.95.164.0/23
eu-west-1,52.144.208.128/26
eu-west-2,52.144.213.64/26
us-west-2,54.202.0.0/15
us-east-1,54.240.208.0/22
eu-west-1,150.222.204.0/24
us-east-2,15.230.39.138/31
us-east-2,15.230.39.224/31
eu-west-2,18.132.0.0/14
us-east-1,52.70.0.0/15
us-east-1,52.94.248.0/28
us-east-1,52.119.212.0/23
eu-north-1,52.144.216.10/31
eu-west-1,54.239.99.0/24
us-west-2,108.166.224.0/21
GLOBAL,52.95.110.0/24
eu-south-1,54.240.236.62/32
ap-south-1,150.222.115.0/24
sa-east-1,15.177.70.0/23
us-east-2,15.230.39.98/31
us-east-2,15.230.39.248/31
eu-west-3,15.236.0.0/15
eu-west-2,52.144.211.198/31
eu-west-2,64.252.84.0/24
us-east-1,99.77.254.0/24
us-west-1,184.72.0.0/18
us-east-1,3.5.16.0/21
ap-northeast-2,13.125.0.0/16
ap-northeast-3,13.248.24.0/22
us-east-1,13.248.103.0/24
us-east-2,15.230.39.52/31
us-east-2,15.230.39.160/31
us-west-1,54.193.0.0/16
cn-north-1,54.222.59.0/24
eu-central-1,99.77.247.0/24
us-west-1,150.222.140.0/24
us-east-2,15.230.39.218/31
eu-west-1,52.95.61.0/24
ap-southeast-1,52.219.124.0/22
eu-south-1,54.240.236.82/32
ap-east-1,54.240.241.0/24
eu-central-1,64.252.88.0/24
GLOBAL,130.176.0.0/16
ap-south-1,150.222.235.0/24
us-east-1,176.32.125.232/31
ap-northeast-3,13.248.16.0/21
us-east-2,15.230.39.82/31
us-east-2,15.230.39.210/31
GLOBAL,54.240.128.0/18
eu-south-1,54.240.236.6/32
sa-east-1,150.222.12.0/24
ap-northeast-2,150.222.116.0/24
GLOBAL,205.251.250.0/23
us-east-2,15.230.39.216/31
us-west-1,52.8.0.0/16
us-west-1,52.93.126.145/32
ap-south-1,52.93.126.204/32
eu-south-1,52.95.152.0/23
us-west-2,52.95.247.0/24
eu-west-2,64.252.83.0/24
us-east-1,15.177.64.0/23
us-east-2,15.230.39.20/31
us-east-1,52.86.0.0/15
sa-east-1,64.252.80.0/24
us-west-2,150.222.180.0/24
GLOBAL,180.163.57.0/25
ap-southeast-1,18.136.0.0/16
us-west-2,50.112.0.0/16
us-east-1,52.93.97.0/24
ap-southeast-1,13.212.0.0/15
us-east-2,15.230.39.114/31
us-east-2,15.230.39.150/31
ap-northeast-1,18.179.0.0/16
ap-east-1,52.93.156.0/22
sa-east-1,52.95.138.0/24
ap-south-1,64.252.100.0/24
us-east-1,205.251.224.0/22
us-east-2,3.130.0.0/16
us-west-1,13.57.0.0/16
ap-south-1,13.126.0.0/15
eu-central-1,54.239.4.0/22
ap-northeast-3,99.77.140.0/24
us-east-2,15.230.39.222/31
ca-central-1,52.94.14.0/24
ap-northeast-2,52.94.198.64/28
ap-northeast-1,52.119.216.0/21
ap-south-1,15.206.0.0/15
us-west-1,50.18.0.0/16
us-east-2,52.14.0.0/16
GLOBAL,52.46.0.0/18
eu-west-3,52.46.88.0/22
GLOBAL,223.71.11.0/27
ap-southeast-1,52.93.63.0/24
us-east-1,54.172.0.0/15
eu-west-1,150.222.239.0/24
eu-west-1,176.34.64.0/18
GLOBAL,13.248.128.0/17
GLOBAL,52.82.128.0/19
us-west-1,52.95.255.96/28
eu-west-1,54.231.128.0/19
ap-south-1,150.222.83.0/24
af-south-1,150.222.208.70/31
eu-south-1,150.222.240.249/32
us-east-1,18.204.0.0/14
eu-west-2,35.178.0.0/15
us-gov-west-1,52.94.9.0/24
eu-central-1,52.94.204.0/23
us-east-1,54.88.0.0/14
GLOBAL,75.2.0.0/17
us-east-1,99.78.192.0/22
us-west-1,52.92.48.0/22
us-west-2,52.94.116.0/22
eu-north-1,52.144.215.200/31
eu-west-1,208.86.90.0/23
us-east-2,15.230.39.22/31
us-east-2,15.230.39.252/31
eu-central-1,52.29.0.0/16
eu-west-2,52.94.15.0/24
ap-southeast-1,52.95.35.0/24
us-east-1,52.95.62.0/24
us-gov-west-1,52.95.144.0/24
us-west-2,52.144.194.64/26
eu-central-1,52.144.209.0/26
ap-east-1,54.239.1.83/32
eu-south-1,54.240.236.57/32
us-west-1,13.52.0.0/16
ap-northeast-1,18.180.0.0/15
eu-west-1,46.137.128.0/18
eu-west-1,52.93.2.0/24
ap-northeast-2,52.94.248.176/28
ap-south-1,52.93.99.0/24
us-west-2,52.95.40.0/24
eu-west-3,52.95.254.0/24
ap-northeast-2,52.144.228.192/26
ap-southeast-1,64.252.104.0/24
ap-northeast-1,176.32.64.0/19
ap-southeast-2,13.54.0.0/15
ap-east-1,13.248.48.0/21
us-gov-west-1,52.95.142.0/23
ap-southeast-2,52.95.241.0/24
us-west-1,54.231.232.0/21
GLOBAL,54.239.128.0/18
us-east-1,64.252.66.0/24
eu-west-2,64.252.82.0/24
ap-southeast-2,99.77.144.0/24
eu-central-1,99.78.160.0/21
ap-southeast-2,150.222.72.0/24
us-east-2,3.12.0.0/16
ap-northeast-2,13.124.0.0/16
GLOBAL,36.103.232.128/26
GLOBAL,52.84.0.0/15
us-west-1,52.93.122.131/32
eu-south-1,52.93.133.131/32
eu-south-1,52.94.18.0/24
ap-south-1,52.94.248.144/28
ap-northeast-1,52.192.0.0/15
GLOBAL,111.51.66.0/24
us-east-1,150.222.110.0/24
eu-south-1,150.222.240.161/32
us-west-1,52.93.34.57/32
ap-southeast-2,52.94.13.0/24
eu-west-1,54.78.0.0/16
ap-northeast-1,99.77.139.0/24
ap-south-1,99.82.160.0/24
us-west-1,204.246.160.0/22
eu-central-1,15.193.4.0/24
eu-central-1,54.239.106.0/23
ap-south-1,3.5.212.0/23
eu-north-1,15.177.72.0/24
us-east-2,15.230.39.64/31
us-east-1,52.2.0.0/15
eu-south-1,52.144.214.128/26
ap-southeast-2,64.252.106.0/24
ap-northeast-1,103.4.8.0/21
us-east-1,176.32.96.0/21
us-east-1,184.72.64.0/18
us-east-1,13.248.108.0/24
us-east-1,52.95.108.0/23
us-east-1,52.144.193.0/26
eu-central-1,99.78.168.0/23
us-east-2,108.166.248.0/21
GLOBAL,143.204.0.0/16
ap-northeast-1,150.222.91.0/24
eu-south-1,150.222.240.251/32
eu-north-1,52.94.23.0/24
us-east-1,52.95.48.0/22
us-west-1,52.219.120.0/22
cn-north-1,54.222.66.0/23
us-east-1,54.240.232.0/22
GLOBAL,99.77.190.0/24
us-east-1,150.222.143.0/24
me-south-1,13.248.106.0/24
us-east-1,52.119.224.0/21
ap-south-1,52.219.64.0/22
ap-northeast-1,54.238.0.0/16
eu-north-1,150.222.117.0/24
eu-south-1,150.222.240.237/32
eu-south-1,150.222.240.247/32
eu-south-1,150.222.243.35/32
us-east-1,216.182.232.0/22
eu-central-1,3.120.0.0/14
eu-central-1,18.198.0.0/15
us-west-1,52.9.0.0/16
eu-west-1,52.93.38.0/24
eu-north-1,52.144.216.4/31
ap-southeast-1,52.219.128.0/22
ap-northeast-2,99.77.141.0/24
us-west-2,150.222.196.0/24
ap-northeast-1,27.0.0.0/22
us-west-2,52.46.180.0/22
ap-south-1,52.93.98.0/24
sa-east-1,52.93.146.5/32
eu-south-1,54.240.236.41/32
us-east-2,3.136.0.0/13
us-west-1,13.248.99.0/24
us-west-1,52.93.37.223/32
eu-west-2,52.94.248.192/28
eu-south-1,54.240.236.94/32
us-east-1,150.222.223.0/24
us-west-2,13.248.112.0/24
us-east-2,15.230.39.26/31
eu-west-1,54.239.115.0/25
eu-south-1,150.222.243.11/32
eu-central-1,52.94.248.112/28
GLOBAL,144.220.0.0/16
GLOBAL,15.197.2.0/24
ap-southeast-2,15.221.20.0/22
us-gov-west-1,52.94.198.32/28
sa-east-1,54.232.0.0/16
GLOBAL,120.52.153.192/26
eu-south-1,150.222.243.37/32
us-east-1,199.127.232.0/22
eu-west-2,15.177.78.0/24
ap-south-1,15.193.0.0/24
us-east-2,15.230.39.76/31
ap-south-1,52.66.0.0/16
sa-east-1,54.239.0.64/28
us-east-1,99.82.176.0/21
us-east-1,204.236.192.0/18
us-east-1,35.168.0.0/13
ap-southeast-2,52.64.128.0/17
ap-northeast-2,13.209.0.0/16
ap-southeast-1,18.140.0.0/15
ca-central-1,52.60.0.0/16
ap-northeast-2,52.78.0.0/16
us-east-1,72.44.32.0/19
us-gov-west-1,205.251.236.0/22
eu-south-1,54.240.236.46/32
us-east-2,13.58.0.0/15
us-east-1,52.93.51.29/32
eu-south-1,52.119.152.0/22
eu-west-1,54.194.0.0/15
sa-east-1,54.240.244.0/22
us-west-2,150.222.102.0/24
us-east-1,52.93.1.0/24
eu-south-1,52.93.131.217/32
af-south-1,52.94.30.0/24
eu-south-1,54.240.236.53/32
eu-south-1,54.240.236.77/32
eu-south-1,54.240.236.93/32
us-east-2,15.230.39.132/31
ap-southeast-2,54.66.0.0/16
us-east-1,150.222.236.0/24
eu-west-1,15.177.75.0/24
ap-northeast-3,15.230.24.0/22
us-east-2,15.230.39.130/31
us-west-2,52.24.0.0/14
us-east-1,52.46.170.0/23
ap-northeast-1,52.95.56.0/22
us-west-2,52.119.160.0/20
us-gov-west-1,52.222.0.0/17
us-west-2,64.252.65.0/24
GLOBAL,119.147.182.0/25
af-south-1,150.222.242.231/32
eu-south-1,150.222.243.13/32
me-south-1,52.93.69.0/24
eu-central-1,52.144.210.192/26
GLOBAL,120.232.236.0/25
us-east-2,3.13.0.0/16
eu-west-1,3.248.0.0/13
us-east-2,15.230.39.180/31
us-east-1,54.92.128.0/17
us-east-1,54.239.0.0/28
eu-west-1,99.77.133.0/24
us-east-2,150.222.233.0/24
ap-southeast-2,13.210.0.0/15
eu-central-1,52.94.17.0/24
eu-west-3,52.95.154.0/23
ap-southeast-1,52.95.212.0/22
eu-south-1,52.119.156.0/22
eu-west-2,54.239.0.240/28
us-west-1,54.241.0.0/16
us-east-1,99.77.151.0/24
us-west-1,184.169.128.0/17
us-east-1,216.182.224.0/21
ap-southeast-1,15.230.6.0/24
ap-northeast-1,35.72.0.0/13
eu-south-1,54.240.236.65/32
eu-west-2,3.8.0.0/14
ap-east-1,13.248.60.0/22
us-west-2,18.246.0.0/16
eu-south-1,52.93.133.127/32
eu-west-2,52.93.139.252/32
us-west-1,52.94.198.0/28
us-east-1,54.204.0.0/15
eu-west-2,150.222.67.0/24
us-east-2,15.230.39.202/31
ap-northeast-1,52.194.0.0/15
eu-west-1,54.155.0.0/16
us-east-1,54.196.0.0/15
ap-southeast-2,99.78.170.0/23
eu-south-1,150.222.243.41/32
us-east-1,176.32.125.226/31
us-east-2,15.230.39.42/31
us-east-2,15.230.39.250/31
eu-south-1,35.152.0.0/16
us-east-1,52.94.252.0/23
eu-north-1,52.144.215.198/31
cn-north-1,54.222.57.0/24
GLOBAL,99.83.128.0/17
eu-south-1,150.222.243.33/32
eu-central-1,13.248.123.0/24
us-east-1,15.230.35.0/24
us-east-1,52.93.249.0/24
eu-central-1,150.222.129.126/31
eu-south-1,150.222.240.131/32
us-east-1,207.171.160.0/20
us-east-2,15.230.39.8/31
sa-east-1,52.94.7.0/24
eu-west-1,52.95.60.0/24
eu-central-1,35.156.0.0/14
eu-west-1,52.93.18.178/32
eu-west-2,52.144.209.64/26
af-south-1,150.222.92.0/22
us-east-2,3.16.0.0/14
us-east-2,15.230.39.164/31
eu-west-2,18.130.0.0/16
us-east-1,52.72.0.0/15
cn-northwest-1,52.82.180.0/22
ap-east-1,52.93.35.213/32
GLOBAL,54.182.0.0/16
GLOBAL,58.254.138.128/26
GLOBAL,120.253.245.192/27
af-south-1,150.222.208.80/31
af-south-1,150.222.242.233/32
ap-southeast-2,52.62.0.0/15
eu-west-1,52.93.0.0/24
ap-southeast-1,52.93.19.237/32
eu-central-1,52.219.44.0/22
GLOBAL,54.239.192.0/19
eu-west-1,99.82.162.0/24
sa-east-1,150.222.70.0/24
us-east-1,176.32.125.192/27
us-east-1,176.32.125.238/31
eu-south-1,52.93.133.179/32
eu-west-2,52.144.211.200/31
ap-northeast-2,52.219.56.0/22
us-east-1,54.160.0.0/13
eu-north-1,150.222.118.0/24
af-south-1,150.222.242.229/32
eu-south-1,150.222.243.45/32
me-south-1,157.175.0.0/16
ap-northeast-1,176.34.32.0/19
us-east-2,15.230.39.234/31
ap-northeast-1,52.93.245.0/24
us-east-2,52.95.16.0/21
us-east-1,54.234.0.0/15
eu-south-1,150.222.243.51/32
us-east-2,15.230.39.116/31
us-east-1,52.92.16.0/20
sa-east-1,52.93.67.0/24
ap-south-1,52.95.64.0/20
ap-northeast-3,52.95.225.0/24
eu-south-1,54.240.236.66/32
us-west-1,99.77.154.0/24
eu-west-1,150.222.11.0/31
us-east-1,172.96.97.0/24
us-east-2,3.14.0.0/15
us-west-1,15.177.81.0/24
sa-east-1,18.228.0.0/16
eu-west-1,52.16.0.0/15
us-east-2,52.95.28.0/24
ca-central-1,52.95.146.0/23
ap-southeast-1,52.95.242.0/24
eu-west-1,52.144.212.192/26
GLOBAL,120.52.12.64/26
af-south-1,150.222.208.86/31
cn-northwest-1,161.189.0.0/16
ca-central-1,15.177.84.0/24
af-south-1,52.94.249.176/28
us-east-1,52.94.254.0/23
us-west-1,54.153.0.0/17
us-gov-west-1,15.200.0.0/16
us-east-2,15.230.39.128/31
ap-south-1,35.154.0.0/16
cn-northwest-1,52.82.0.0/17
eu-west-3,52.94.249.32/28
eu-central-1,54.239.0.160/28
ap-southeast-1,54.240.227.0/24
eu-central-1,150.222.129.130/31
us-east-2,15.230.39.176/31
us-west-1,52.93.149.0/24
ap-southeast-2,52.144.228.64/26
us-west-2,52.218.128.0/17
GLOBAL,76.223.0.0/17
GLOBAL,99.84.0.0/16
us-east-2,15.230.39.198/31
ap-southeast-1,54.240.199.0/24
ap-southeast-1,99.77.161.0/24
ap-northeast-2,52.93.247.0/25
af-south-1,150.222.208.92/31
us-east-2,15.230.39.80/31
us-west-2,52.88.0.0/15
us-east-2,15.230.39.144/31
us-gov-east-1,18.253.0.0/16
eu-north-1,52.46.192.0/20
cn-northwest-1,52.82.187.0/24
eu-west-1,52.93.126.76/32
eu-west-2,52.93.139.253/32
us-gov-east-1,52.94.249.112/28
eu-central-1,52.219.140.0/24
GLOBAL,54.230.0.0/16
eu-south-1,54.240.236.21/32
ap-northeast-1,52.93.150.0/24
eu-west-1,52.95.112.0/20
us-west-2,99.78.196.0/22
eu-central-1,18.153.0.0/16
eu-west-1,18.202.0.0/15
ap-northeast-3,54.239.1.48/28
eu-south-1,54.240.236.25/32
eu-west-1,176.32.104.0/21
us-east-2,15.230.39.106/31
sa-east-1,52.95.163.0/24
eu-south-1,54.240.236.50/32
ap-south-1,64.252.98.0/24
me-south-1,99.78.220.0/22
eu-central-1,150.222.129.124/31
us-west-1,216.182.236.0/23
us-east-1,3.208.0.0/12
us-east-1,15.221.0.0/24
us-east-2,15.230.39.48/31
us-east-2,15.230.39.238/31
eu-west-2,52.92.88.0/22
cn-north-1,54.222.64.0/23
eu-south-1,54.240.236.58/32
eu-west-3,99.77.157.0/24
eu-south-1,150.222.243.59/32
eu-west-1,185.48.120.0/22
sa-east-1,52.94.206.0/23
eu-central-1,54.231.192.0/20
sa-east-1,54.233.128.0/17
ap-southeast-1,203.83.220.0/22
us-east-2,15.230.39.156/31
ap-northeast-2,52.92.0.0/20
ap-south-1,52.95.80.0/20
ap-southeast-1,52.219.132.0/22
af-south-1,150.222.208.65/32
us-east-1,176.32.124.128/25
us-east-1,184.73.0.0/16
ap-southeast-2,13.248.109.0/24
us-west-2,15.177.80.0/24
ap-east-1,52.144.224.192/26
us-east-2,52.219.80.0/20
us-east-1,54.174.0.0/15
eu-south-1,54.240.236.90/32
ap-northeast-1,13.230.0.0/15
us-east-2,13.248.111.0/24
us-east-1,52.93.4.0/24
us-east-1,52.93.59.0/24
ap-southeast-1,52.94.198.96/28
me-south-1,52.94.249.160/28
us-west-2,52.144.194.128/26
ca-central-1,52.144.201.64/26
eu-west-1,52.144.210.128/26
eu-west-2,52.144.211.202/31
us-west-1,52.219.112.0/21
us-east-1,54.224.0.0/15
eu-west-1,54.239.32.0/21
ap-northeast-3,13.248.28.0/22
ap-northeast-1,18.176.0.0/15
eu-central-1,54.239.56.0/21
eu-south-1,54.240.236.17/32
eu-central-1,64.252.86.0/24
us-east-1,99.82.165.0/24
sa-east-1,150.222.6.0/24
us-east-2,3.20.0.0/14
us-east-2,15.230.39.246/31
us-west-2,15.254.0.0/16
eu-central-1,18.196.0.0/15
eu-west-1,54.76.0.0/15
GLOBAL,205.251.192.0/21
us-east-1,3.80.0.0/12
us-west-1,3.101.0.0/16
us-east-2,15.230.39.228/31
us-west-2,52.40.0.0/14
eu-north-1,52.95.170.0/23
GLOBAL,52.124.128.0/17
eu-south-1,54.240.236.29/32
ap-northeast-1,150.222.77.0/24
ap-northeast-1,150.222.90.0/24
us-east-2,15.230.39.90/31
ap-southeast-1,52.94.11.0/24
us-east-1,52.144.200.128/26
us-east-1,54.240.196.0/24
us-east-1,150.222.66.0/24
GLOBAL,204.246.164.0/22
us-west-1,15.230.28.0/24
ca-central-1,52.94.198.128/28
eu-central-1,52.95.248.0/24
cn-northwest-1,54.239.0.176/28
us-west-2,64.252.70.0/24
GLOBAL,13.35.0.0/16
us-east-2,15.230.39.178/31
eu-west-1,34.240.0.0/13
us-west-2,52.93.14.19/32
eu-west-1,52.94.248.16/28
ap-northeast-3,52.94.249.96/28
eu-north-1,52.144.216.8/31
ap-east-1,54.239.1.81/32
ap-northeast-1,54.240.200.0/24
ap-southeast-2,54.253.0.0/16
ap-east-1,18.162.0.0/16
ap-northeast-1,52.95.30.0/23
ap-south-1,52.95.96.0/22
ca-central-1,52.95.145.0/24
ap-southeast-1,150.222.219.0/24
us-east-1,176.32.125.246/31
us-west-2,52.32.0.0/14
us-west-1,52.93.126.144/32
ap-northeast-2,52.95.252.0/24
eu-west-1,52.119.192.0/22
cn-north-1,54.222.36.0/22
eu-central-1,150.222.129.136/31
ap-southeast-2,150.222.142.0/24
us-east-1,150.222.222.0/24
ap-southeast-2,52.94.248.64/28
af-south-1,52.95.229.0/24
eu-west-1,54.72.0.0/15
eu-central-1,150.222.129.128/31
us-gov-west-1,52.92.252.0/22
ca-central-1,52.95.250.0/24
eu-central-1,52.144.211.0/26
us-east-1,64.252.67.0/24
us-east-1,130.137.180.0/23
us-east-1,54.198.0.0/16
us-east-2,64.252.77.0/24
ap-northeast-2,15.164.0.0/15
us-gov-east-1,52.46.96.0/19
us-east-1,52.46.128.0/19
us-gov-west-1,54.239.0.128/28
eu-south-1,54.239.1.32/28
us-east-1,176.32.125.242/31
eu-west-1,176.34.128.0/17
ap-northeast-2,54.239.0.192/28
us-west-2,15.221.1.0/24
us-east-2,15.230.39.214/31
ap-south-1,150.222.210.0/24
eu-south-1,150.222.243.39/32
GLOBAL,15.177.0.0/18
eu-central-1,18.194.0.0/15
eu-west-3,52.46.64.0/20
ap-southeast-2,52.93.126.136/32
us-west-2,52.94.197.0/24
eu-north-1,52.94.249.128/28
us-east-1,52.144.193.64/26
us-west-2,54.184.0.0/13
us-east-1,54.239.16.0/20
eu-central-1,99.82.163.0/24
ap-south-1,3.6.0.0/15
ap-northeast-1,15.193.1.0/24
us-east-2,15.230.39.96/31
eu-west-3,52.46.80.0/21
eu-central-1,52.46.184.0/22
sa-east-1,52.67.0.0/16
eu-west-1,52.93.43.0/24
ap-southeast-2,52.93.78.0/24
ap-northeast-2,54.239.116.0/22
ap-southeast-2,15.230.22.0/24
ap-southeast-1,18.138.0.0/15
eu-south-1,52.94.249.48/28
cn-north-1,52.95.255.144/28
GLOBAL,204.246.174.0/23
ap-northeast-1,13.248.115.0/24
us-west-1,52.52.0.0/15
us-west-2,52.144.197.128/26
sa-east-1,54.233.64.0/18
ap-northeast-2,3.34.0.0/15
eu-west-3,15.177.74.0/24
sa-east-1,52.46.172.0/22
ap-southeast-2,52.65.0.0/16
ap-southeast-1,52.93.19.236/32
ap-northeast-1,52.94.200.0/24
eu-central-1,52.119.188.0/22
us-east-1,52.144.194.0/26
ap-northeast-1,54.150.0.0/16
me-south-1,150.222.7.0/24
af-south-1,150.222.208.78/31
eu-south-1,150.222.243.57/32
sa-east-1,13.248.104.0/24
eu-west-1,34.248.0.0/13
us-west-1,52.93.237.0/24
ap-southeast-2,64.252.109.0/24
GLOBAL,36.103.232.0/25
us-east-1,52.46.164.0/23
ap-northeast-1,54.178.0.0/16
ap-northeast-2,99.82.168.0/24
eu-west-1,108.128.0.0/13
us-west-1,150.222.221.0/24
ca-central-1,13.248.126.0/24
us-east-2,15.230.39.120/31
ap-southeast-1,52.119.205.0/24
ap-northeast-2,52.144.227.64/26
us-gov-east-1,54.239.1.64/28
eu-south-1,54.240.236.14/32
eu-south-1,54.240.236.30/32
GLOBAL,119.147.182.128/26
me-south-1,15.177.87.0/24
us-east-2,52.94.4.0/24
us-west-1,52.94.72.0/22
cn-north-1,54.222.48.0/22
us-east-1,54.240.228.0/23
us-west-2,64.252.71.0/24
us-east-1,176.32.120.0/22
ap-east-1,15.177.85.0/24
us-east-2,52.95.251.0/24
GLOBAL,118.193.97.128/25
af-south-1,15.177.91.0/24
us-east-2,15.230.39.102/31
us-west-2,35.155.0.0/16
ap-northeast-1,52.144.230.0/26
us-east-1,54.210.0.0/15
us-west-2,54.239.2.0/23
eu-south-1,54.240.236.70/32
us-east-2,64.252.75.0/24
us-east-1,150.222.76.0/24
eu-south-1,150.222.242.97/32
us-east-1,13.248.116.0/24
ap-southeast-1,52.76.0.0/17
eu-west-1,52.93.48.0/24
eu-north-1,52.144.216.6/31
eu-west-1,54.240.220.0/22
GLOBAL,120.232.236.128/26
eu-west-1,52.18.0.0/15
eu-west-1,52.93.21.14/32
us-east-1,52.93.76.0/24
ap-northeast-3,52.94.19.0/24
me-south-1,54.239.1.112/28
ap-northeast-1,54.239.52.0/23
us-west-2,108.166.240.0/21
ap-northeast-1,175.41.192.0/18
us-west-1,205.251.228.0/22
us-west-2,54.239.0.32/28
af-south-1,150.222.242.227/32
us-east-2,15.230.39.172/31
us-west-2,52.10.0.0/15
cn-northwest-1,52.82.164.0/22
us-west-2,54.240.230.0/23
us-east-1,100.24.0.0/13
us-east-2,15.230.39.6/31
eu-west-1,52.144.208.64/26
eu-west-1,99.78.172.0/24
eu-central-1,150.222.129.138/31
us-east-1,150.222.136.0/24
us-west-2,52.46.249.0/24
eu-north-1,52.144.216.0/31
ca-central-1,54.239.1.0/28
eu-central-1,150.222.129.114/31
eu-west-1,162.213.233.0/24
eu-west-2,13.248.101.0/24
us-east-2,15.230.39.84/31
us-east-2,15.230.39.190/31
sa-east-1,52.95.255.0/28
us-west-1,54.176.0.0/15
eu-west-1,54.246.0.0/16
ap-northeast-1,64.252.112.0/24
eu-central-1,150.222.129.120/31
ap-southeast-1,52.119.184.0/22
eu-west-2,52.144.211.194/31
us-east-1,54.239.104.0/23
eu-south-1,54.240.236.86/32
GLOBAL,204.246.176.0/20
ap-southeast-2,15.230.23.0/24
us-east-2,15.230.39.142/31
ap-south-1,52.94.20.0/24
eu-south-1,54.240.236.37/32
GLOBAL,99.77.189.0/24
ap-southeast-2,54.79.0.0/16
eu-south-1,54.240.236.42/32
ap-southeast-1,54.251.0.0/16
us-east-1,150.222.206.0/24
us-east-2,3.128.0.0/15
ap-southeast-1,13.248.107.0/24
us-east-2,15.230.39.70/31
us-east-2,15.230.39.232/31
us-east-1,52.94.240.0/22
eu-west-3,52.144.210.64/26
ap-southeast-1,64.252.105.0/24
us-east-1,150.222.138.0/24
eu-west-1,15.230.30.0/24
eu-central-1,52.93.126.134/32
eu-west-1,52.144.212.64/26
sa-east-1,54.207.0.0/16
ap-south-1,99.77.145.0/24
GLOBAL,120.253.241.160/27
eu-south-1,150.222.243.55/32
eu-central-1,52.28.0.0/16
us-east-1,52.46.166.0/23
us-gov-west-1,52.46.176.0/22
us-east-1,52.94.0.0/22
us-east-1,205.251.240.0/22
ap-southeast-1,3.0.0.0/15
ap-southeast-2,13.248.102.0/24
ap-southeast-1,43.250.193.0/24
ap-southeast-1,52.77.0.0/16
eu-west-1,52.93.21.15/32
ap-south-1,64.252.99.0/24
us-east-1,3.5.0.0/20
us-east-1,52.144.192.64/26
ap-southeast-2,54.240.192.0/22
eu-south-1,54.240.236.9/32
us-west-1,150.222.97.0/24
us-east-2,15.230.39.58/31
us-east-2,15.230.39.100/31
us-east-2,15.230.39.112/31
ap-east-1,18.166.0.0/15
eu-west-1,52.46.240.0/22
us-west-2,52.94.28.0/23
us-west-1,52.94.248.128/28
eu-west-2,54.239.100.0/23
ap-northeast-1,99.77.160.0/24
eu-west-1,99.77.250.0/24
us-west-2,150.222.214.0/24
us-east-1,176.32.125.248/31
us-east-2,15.230.39.62/31
ap-northeast-1,18.183.0.0/16
eu-west-1,46.137.0.0/17
us-east-1,52.93.60.0/24
eu-west-3,99.77.135.0/24
cn-northwest-1,52.82.192.0/18
us-west-2,52.93.12.13/32
ap-northeast-1,54.239.96.0/24
ap-southeast-1,54.240.226.0/24
eu-south-1,54.240.236.81/32
us-east-2,99.78.216.0/22
us-west-2,150.222.75.0/24
eu-south-1,150.222.229.0/24
eu-south-1,150.222.240.137/32
us-east-1,176.32.125.224/31
ap-southeast-1,13.228.0.0/15
us-east-2,15.230.39.86/31
us-west-2,52.94.248.96/28
eu-south-1,52.119.128.0/20
eu-south-1,52.119.144.0/21
ap-northeast-1,52.196.0.0/14
eu-south-1,54.240.236.89/32
ca-central-1,99.77.150.0/24
ap-northeast-1,99.78.208.0/22
us-east-2,15.230.39.148/31
cn-northwest-1,52.82.188.0/22
cn-north-1,54.222.58.32/28
us-west-2,99.77.186.0/24
af-south-1,150.222.208.96/31
us-west-2,176.32.125.0/25
eu-central-1,15.177.68.0/23
af-south-1,150.222.208.64/32
sa-east-1,177.71.128.0/17
ap-southeast-2,54.252.254.192/26
sa-east-1,177.71.207.128/26
ap-southeast-1,54.255.254.192/26
us-west-2,54.244.52.192/26
ap-southeast-1,54.251.31.128/26
us-west-1,54.241.32.64/26
us-west-2,54.245.168.0/26
sa-east-1,54.232.40.64/26
ap-northeast-1,54.248.220.0/26
eu-west-1,176.34.159.192/26
ap-southeast-2,54.252.79.128/26
us-west-1,54.183.255.128/26
ap-northeast-1,54.250.253.192/26
eu-west-1,54.228.16.0/26
us-east-1,107.23.255.0/26
us-east-1,54.243.31.192/26
eu-central-1,35.157.127.248/29
eu-north-1,13.48.4.192/29
us-west-1,13.56.32.200/29
us-west-2,52.43.76.88/29
ap-south-1,13.127.70.136/29
cn-northwest-1,52.82.1.0/29
ap-southeast-2,13.55.255.216/29
ap-northeast-1,13.112.191.184/29
sa-east-1,177.71.207.16/29
eu-west-3,52.47.73.72/29
ap-northeast-2,13.124.145.16/29
eu-west-2,35.176.92.32/29
eu-west-1,34.250.63.248/29
us-gov-west-1,52.61.40.104/29
ap-southeast-1,52.221.221.128/29
sa-east-1,18.231.194.8/29
cn-north-1,52.80.198.136/29
ca-central-1,35.182.14.48/29
us-east-2,52.15.247.208/29
us-east-1,34.228.4.208/28
GLOBAL,15.193.0.0/19
GLOBAL,64.252.64.0/18
ap-northeast-2,13.124.199.0/24
us-west-2,35.167.191.128/26
eu-west-1,18.200.212.0/23
ca-central-1,99.79.169.0/24
us-east-2,52.15.127.128/26
us-west-2,34.223.12.224/27
sa-east-1,54.233.255.128/26
ap-southeast-2,13.54.63.128/26
us-east-2,13.59.250.0/26
us-east-1,3.234.232.224/27
ap-south-1,52.66.194.128/26
ap-southeast-1,13.228.69.0/24
us-east-2,18.216.170.128/25
us-east-1,3.231.2.0/25
ap-southeast-1,52.220.191.0/26
us-east-1,34.232.163.208/29
us-west-2,35.162.63.192/26
us-west-2,34.223.80.192/26
us-east-1,34.226.14.0/24
ap-northeast-1,13.113.203.0/24
us-east-1,34.195.252.0/24
us-west-1,52.52.191.128/26
eu-west-2,52.56.127.0/25
us-west-2,34.216.51.0/25
ap-northeast-1,52.199.127.192/26
eu-west-1,52.212.248.0/26
ap-southeast-2,13.210.67.128/26
eu-central-1,35.158.136.0/24
eu-central-1,52.57.254.0/24
ap-northeast-2,52.78.247.128/26
eu-west-3,52.47.139.0/24
ap-northeast-3,13.208.170.0/23
ap-south-1,13.234.221.192/26
ap-south-1,13.234.8.0/23
ap-southeast-1,13.251.113.64/26
ap-southeast-1,13.251.116.0/23
us-west-1,13.52.118.0/23
us-west-1,13.52.146.192/26
eu-north-1,13.53.180.0/23
sa-east-1,18.228.246.0/23
ap-southeast-2,3.104.82.0/23
ap-northeast-1,3.112.64.0/23
ap-northeast-1,3.113.218.0/26
eu-central-1,3.122.128.0/23
eu-central-1,3.123.12.192/26
us-east-2,3.15.36.64/26
us-east-2,3.17.136.0/23
us-east-1,3.227.250.128/25
eu-west-2,3.8.168.0/23
us-east-1,3.83.168.0/22
us-east-1,3.91.171.128/25
us-west-2,34.223.24.0/22
us-west-2,34.223.45.0/25
eu-west-3,35.180.244.0/23
ap-northeast-2,54.180.184.0/23
eu-west-1,63.34.60.0/22
ca-central-1,99.79.34.0/23
eu-west-1,99.80.34.128/25
eu-west-1,108.128.160.0/23
eu-west-1,108.128.162.0/24
ap-northeast-3,13.208.180.0/24
ap-south-1,13.235.228.0/24
ap-south-1,13.235.6.0/23
eu-north-1,13.48.74.0/24
us-west-1,13.52.201.0/24
us-west-1,13.52.202.0/24
ap-northeast-2,15.164.156.0/23
ap-southeast-1,18.138.134.128/25
ap-southeast-1,18.138.244.0/23
us-west-1,18.144.76.128/25
sa-east-1,18.229.100.0/26
sa-east-1,18.229.99.0/24
eu-west-2,3.10.17.0/25
ap-southeast-2,3.105.172.0/22
ap-northeast-1,3.112.162.0/23
ap-northeast-1,3.112.96.160/27
us-east-2,3.12.216.0/22
eu-central-1,3.123.14.0/24
eu-central-1,3.123.15.0/25
us-east-2,3.15.35.0/24
us-east-2,3.15.36.0/26
us-east-1,3.216.135.0/24
us-east-1,3.216.136.0/21
us-east-1,3.216.144.0/23
us-east-1,3.216.148.0/22
eu-west-2,3.9.94.0/24
us-west-2,34.223.68.0/22
us-west-2,34.223.72.0/23
us-west-2,34.223.74.0/25
eu-west-3,35.181.128.0/24
us-west-2,44.233.54.0/23
ca-central-1,99.79.126.0/24
ap-southeast-2,13.210.2.192/26
ap-southeast-2,13.236.8.0/25
ap-northeast-1,18.182.96.64/26
eu-central-1,18.184.2.128/25
us-east-1,18.233.213.128/25
us-west-2,18.236.61.0/25
eu-central-1,35.158.127.64/26
us-east-1,52.55.191.224/27
us-west-2,54.190.198.32/28
ap-south-1,13.232.67.128/27
ap-south-1,13.232.67.160/27
ap-southeast-2,13.236.82.128/27
ap-southeast-2,13.236.82.96/27
ap-southeast-1,13.250.186.128/27
ap-southeast-1,13.250.186.160/27
eu-north-1,13.48.186.128/27
eu-north-1,13.48.186.160/27
us-west-1,13.52.232.224/27
ap-northeast-2,15.164.243.192/27
ap-northeast-2,15.164.243.32/27
eu-west-3,15.188.210.32/27
eu-west-3,15.188.210.64/27
ca-central-1,15.222.16.96/27
ca-central-1,15.222.43.0/27
us-west-1,18.144.158.0/27
ap-northeast-1,18.179.48.128/27
ap-northeast-1,18.179.48.96/27
eu-central-1,18.184.138.224/27
eu-central-1,18.184.203.128/27
us-east-2,18.188.9.0/27
us-east-2,18.188.9.32/27
sa-east-1,18.230.46.0/27
sa-east-1,18.230.46.32/27
eu-west-2,3.10.127.32/27
eu-west-2,3.10.201.64/27
us-west-2,34.217.141.224/27
us-west-2,34.218.119.32/27
eu-west-1,34.245.205.0/27
eu-west-1,34.245.205.64/27
us-east-1,35.172.155.192/27
us-east-1,35.172.155.96/27
ap-northeast-2,13.209.1.56/29
ap-south-1,13.233.177.0/29
ap-southeast-2,13.239.158.0/29
eu-north-1,13.48.4.200/30
us-west-1,13.52.6.112/29
eu-west-1,18.202.216.48/29
us-east-1,18.206.107.24/29
sa-east-1,18.228.70.32/29
us-west-2,18.237.140.160/29
ap-southeast-1,3.0.5.32/29
ap-northeast-1,3.112.23.0/29
eu-central-1,3.120.181.40/29
us-east-2,3.16.146.0/29
eu-west-2,3.8.37.24/29
eu-west-3,35.180.112.80/29
ca-central-1,35.183.92.176/29
ap-northeast-2,13.124.247.0/24
ca-central-1,15.223.100.0/24
ca-central-1,15.223.102.0/23
eu-west-2,18.132.21.0/24
eu-west-2,18.132.22.0/23
ap-southeast-1,18.141.152.0/24
ap-southeast-1,18.141.154.0/23
eu-central-1,18.156.52.0/24
eu-central-1,18.156.54.0/23
ap-northeast-1,18.180.178.0/24
ap-northeast-1,18.180.180.0/23
sa-east-1,18.230.103.0/24
sa-east-1,18.230.104.0/23
us-east-1,3.217.228.0/22
us-east-1,3.235.112.0/21
eu-west-1,3.249.28.0/23
ap-southeast-2,3.25.43.0/24
ap-southeast-2,3.25.44.0/23
ap-northeast-2,3.34.37.0/24
ap-northeast-2,3.34.38.0/23
eu-west-2,35.176.32.0/24
ca-central-1,35.183.255.0/24
us-west-2,44.234.54.0/23
eu-west-1,52.19.124.0/23
us-east-1,52.23.61.0/24
us-east-1,52.23.62.0/24
eu-central-1,52.59.127.0/24
ap-southeast-1,52.76.127.0/24
ap-southeast-2,54.153.254.0/24
sa-east-1,54.233.204.0/24
us-west-2,54.244.46.0/23
ap-northeast-1,54.250.251.0/24
us-gov-east-1,18.252.4.0/30
us-gov-west-1,15.200.28.80/30
